<?xml version="1.0" encoding="utf-8"?>
<!--/903309/234518/2.50/7/4/Integrated Circuit/-->
<quadcept_library>
  <setting unit="mil" />
  <textstyle name="Default" height="47.244094488189" strokewidth="7.8740157480315" charwidth="47.244094488189" />
  <textstyle name="Dimension" height="19.6850393700787" strokewidth="0" charwidth="19.6850393700787" />
  <textstyle name="H127W0635TH00762" height="50" strokewidth="3" charwidth="25" />
  <textstyle name="H15W15TH02" height="59.0551181102362" strokewidth="7.8740157480315" charwidth="59.0551181102362" />
  <padstyle name="c180_h120" surface="False" plated="True" isvia="False" nopaste="True" nomask="True" complex="False" holesize="47.244094488188">
    <padshape layer="TOP" shape="round" width="70.866141732283" height="70.866141732283" />
    <padshape layer="TOP_SOLDER_MASK" shape="round" width="78.740157480314" height="78.740157480314" />
    <padshape layer="INNER" shape="round" width="70.866141732283" height="70.866141732283" />
    <padshape layer="BOTTOM" shape="round" width="70.866141732283" height="70.866141732283" />
    <padshape layer="BOTTOM_SOLDER_MASK" shape="round" width="78.740157480314" height="78.740157480314" />
  </padstyle>
  <padstyle name="c378.6_h252.39" surface="False" plated="True" isvia="False" nopaste="True" nomask="True" complex="False" holesize="99.366141732282">
    <padshape layer="TOP" shape="round" width="149.05511811023" height="149.05511811023" />
    <padshape layer="TOP_SOLDER_MASK" shape="round" width="156.92913385827" height="156.92913385827" />
    <padshape layer="INNER" shape="round" width="149.05511811023" height="149.05511811023" />
    <padshape layer="BOTTOM" shape="round" width="149.05511811023" height="149.05511811023" />
    <padshape layer="BOTTOM_SOLDER_MASK" shape="round" width="156.92913385827" height="156.92913385827" />
  </padstyle>
  <footprint name="PEC11L4115FS0020" originx="0" originy="0" pickpointx="0" pickpointy="0">
    <pcbpin number="1" name="1" style="c180_h120" originx="0" originy="0" rotation="90" />
    <pcbpin number="2" name="2" style="c180_h120" originx="196.85039370078" originy="0" rotation="90" />
    <pcbpin number="3" name="A1" style="c180_h120" originx="0" originy="-570.86614173228" rotation="90" />
    <pcbpin number="4" name="B1" style="c180_h120" originx="196.85039370078" originy="-570.86614173228" rotation="90" />
    <pcbpin number="5" name="C1" style="c180_h120" originx="98.425196850392" originy="-570.86614173228" rotation="90" />
    <pcbpin number="6" name="MH1" style="c378.6_h252.39" originx="-125.9842519685" originy="-275.5905511811" rotation="90" />
    <pcbpin number="7" name="MH2" style="c378.6_h252.39" originx="322.83464566929" originy="-275.5905511811" rotation="90" />
    <line layer="TOP_ASSEMBLY" originx="-133.85826771653" originy="-39.370078740157" endx="330.70866141732" endy="-39.370078740157" width="7.8740157480314" />
    <line layer="TOP_ASSEMBLY" originx="330.70866141732" originy="-39.370078740157" endx="330.70866141732" endy="-511.81102362204" width="7.8740157480314" />
    <line layer="TOP_ASSEMBLY" originx="330.70866141732" originy="-511.81102362204" endx="-133.85826771653" endy="-511.81102362204" width="7.8740157480314" />
    <line layer="TOP_ASSEMBLY" originx="-133.85826771653" originy="-511.81102362204" endx="-133.85826771653" endy="-39.370078740157" width="7.8740157480314" />
    <line layer="TOP_PLACE_BOUND" originx="-255.90551181102" originy="77.75590551181" endx="452.75590551181" endy="77.75590551181" width="3.9370078740157" />
    <line layer="TOP_PLACE_BOUND" originx="452.75590551181" originy="77.75590551181" endx="452.75590551181" endy="-664.37007874015" width="3.9370078740157" />
    <line layer="TOP_PLACE_BOUND" originx="452.75590551181" originy="-664.37007874015" endx="-255.90551181102" endy="-664.37007874015" width="3.9370078740157" />
    <line layer="TOP_PLACE_BOUND" originx="-255.90551181102" originy="-664.37007874015" endx="-255.90551181102" endy="77.75590551181" width="3.9370078740157" />
    <line layer="TOP_SILKSCREEN" originx="-133.85826771653" originy="-362.20472440944" endx="-133.85826771653" endy="-511.81102362204" width="3.9370078740157" />
    <line layer="TOP_SILKSCREEN" originx="-133.85826771653" originy="-511.81102362204" endx="330.70866141732" endy="-511.81102362204" width="3.9370078740157" />
    <line layer="TOP_SILKSCREEN" originx="330.70866141732" originy="-511.81102362204" endx="330.70866141732" endy="-362.20472440944" width="3.9370078740157" />
    <line layer="TOP_SILKSCREEN" originx="-3.9370078740157" originy="51.181102362204" endx="-3.9370078740157" endy="51.181102362204" width="7.8740157480314" />
    <arc layer="TOP_SILKSCREEN" originx="-1.0927391974657E-15" originy="51.181102362204" startangle="180.0" sweepangle="180.0" radius="3.9370078740157" width="7.8740157480314" />
    <line layer="TOP_SILKSCREEN" originx="3.9370078740157" originy="51.181102362204" endx="3.9370078740157" endy="51.181102362204" width="7.8740157480314" />
    <arc layer="TOP_SILKSCREEN" originx="-1.0927391974657E-15" originy="51.181102362204" startangle=".0" sweepangle="180.0" radius="3.9370078740157" width="7.8740157480314" />
    <line layer="TOP_SILKSCREEN" originx="-133.85826771653" originy="-188.97637795275" endx="-133.85826771653" endy="-39.370078740157" width="3.9370078740157" />
    <line layer="TOP_SILKSCREEN" originx="-133.85826771653" originy="-39.370078740157" endx="-35.433070866141" endy="-39.370078740157" width="3.9370078740157" />
    <line layer="TOP_SILKSCREEN" originx="232.28346456693" originy="-39.370078740157" endx="330.70866141732" endy="-39.370078740157" width="3.9370078740157" />
    <line layer="TOP_SILKSCREEN" originx="330.70866141732" originy="-39.370078740157" endx="330.70866141732" endy="-188.97637795275" width="3.9370078740157" />
  </footprint>
  <symbol name="PEC11L-4115F-S0020" originx="0" originy="0">
    <line originx="200" originy="300" endx="800" endy="300" width="0" />
    <line originx="800" originy="-300" endx="800" endy="300" width="0" />
    <line originx="800" originy="-300" endx="200" endy="-300" width="0" />
    <line originx="200" originy="300" endx="200" endy="-300" width="0" />
    <sympin number="1" originx="400" originy="300" rotation="90" length="100" width="7.8740157480315" flipped="False">
      <text name="pinname" originx="400" originy="270" style="Default" rotation="0" justify="right" flipped="False" hidden="False" data="1" />
      <text name="pindes" originx="380" originy="360" style="Default" rotation="0" justify="lowerleft" flipped="False" hidden="False" data="1" />
    </sympin>
    <sympin number="2" originx="500" originy="300" rotation="90" length="100" width="7.8740157480315" flipped="False">
      <text name="pinname" originx="500" originy="270" style="Default" rotation="0" justify="right" flipped="False" hidden="False" data="2" />
      <text name="pindes" originx="480" originy="360" style="Default" rotation="0" justify="lowerleft" flipped="False" hidden="False" data="2" />
    </sympin>
    <sympin number="3" originx="400" originy="-300" rotation="270" length="100" width="7.8740157480315" flipped="False">
      <text name="pinname" originx="400" originy="-270" style="Default" rotation="0" justify="left" flipped="False" hidden="False" data="A1" />
      <text name="pindes" originx="380" originy="-360" style="Default" rotation="0" justify="lowerright" flipped="False" hidden="False" data="A1" />
    </sympin>
    <sympin number="4" originx="600" originy="-300" rotation="270" length="100" width="7.8740157480315" flipped="False">
      <text name="pinname" originx="600" originy="-270" style="Default" rotation="0" justify="left" flipped="False" hidden="False" data="B1" />
      <text name="pindes" originx="580" originy="-360" style="Default" rotation="0" justify="lowerright" flipped="False" hidden="False" data="B1" />
    </sympin>
    <sympin number="5" originx="500" originy="-300" rotation="270" length="100" width="7.8740157480315" flipped="False">
      <text name="pinname" originx="500" originy="-270" style="Default" rotation="0" justify="left" flipped="False" hidden="False" data="C1" />
      <text name="pindes" originx="480" originy="-360" style="Default" rotation="0" justify="lowerright" flipped="False" hidden="False" data="C1" />
    </sympin>
    <sympin number="6" originx="200" originy="0" rotation="180" length="100" width="7.8740157480315" flipped="False">
      <text name="pinname" originx="230" originy="0" style="Default" rotation="0" justify="left" flipped="False" hidden="False" data="MH1" />
      <text name="pindes" originx="140" originy="20" style="Default" rotation="0" justify="lowerright" flipped="False" hidden="False" data="MH1" />
    </sympin>
    <sympin number="7" originx="800" originy="0" rotation="0" length="100" width="7.8740157480315" flipped="False">
      <text name="pinname" originx="770" originy="0" style="Default" rotation="0" justify="right" flipped="False" hidden="False" data="MH2" />
      <text name="pindes" originx="860" originy="20" style="Default" rotation="0" justify="lowerleft" flipped="False" hidden="False" data="MH2" />
    </sympin>
  </symbol>
  <component name="PEC11L-4115F-S0020" designatorprefix="IC" height="984.25196850392" footprint="PEC11L4115FS0020">
    <comppin designator="1" sympin="1" pinswap="0" gateswap="0" gate="1" group="1" side="" type="Any" name="1" />
    <comppin designator="2" sympin="2" pinswap="0" gateswap="0" gate="1" group="1" side="" type="Any" name="2" />
    <comppin designator="A1" sympin="3" pinswap="0" gateswap="0" gate="1" group="1" side="" type="Any" name="A1" />
    <comppin designator="B1" sympin="4" pinswap="0" gateswap="0" gate="1" group="1" side="" type="Any" name="B1" />
    <comppin designator="C1" sympin="5" pinswap="0" gateswap="0" gate="1" group="1" side="" type="Any" name="C1" />
    <comppin designator="MH1" sympin="6" pinswap="0" gateswap="0" gate="1" group="1" side="" type="Any" name="MH1" />
    <comppin designator="MH2" sympin="7" pinswap="0" gateswap="0" gate="1" group="1" side="" type="Any" name="MH2" />
    <attached_symbol gate="1" name="PEC11L-4115F-S0020" />
    <pinmap designator="1" footprintpin="1" />
    <pinmap designator="2" footprintpin="2" />
    <pinmap designator="A1" footprintpin="3" />
    <pinmap designator="B1" footprintpin="4" />
    <pinmap designator="C1" footprintpin="5" />
    <pinmap designator="MH1" footprintpin="6" />
    <pinmap designator="MH2" footprintpin="7" />
    <text name="Datasheet" originx="0" originy="0" style="Default" rotation="0" justify="" flipped="False" hidden="True" data="https://datasheet.datasheetarchive.com/originals/distributors/Datasheets-DGA5/494003.pdf" />
    <text name="Description" originx="0" originy="0" style="Default" rotation="0" justify="" flipped="False" hidden="True" data="Encoders ENCODER" />
    <text name="Manufacturer_Name" originx="0" originy="0" style="Default" rotation="0" justify="" flipped="False" hidden="True" data="Bourns" />
    <text name="Manufacturer_Part_Number" originx="850" originy="400" style="Default" rotation="0" justify="left" flipped="False" hidden="False" data="PEC11L-4115F-S0020" />
    <text name="Mouser Part Number" originx="0" originy="0" style="Default" rotation="0" justify="" flipped="False" hidden="True" data="652-PEC11L4115FS0020" />
    <text name="Mouser Price/Stock" originx="0" originy="0" style="Default" rotation="0" justify="" flipped="False" hidden="True" data="https://www.mouser.co.uk/ProductDetail/Bourns/PEC11L-4115F-S0020?qs=gk21WLQFtgRAgrgJZfpkWw%3D%3D" />
    <text name="Arrow Part Number" originx="0" originy="0" style="Default" rotation="0" justify="" flipped="False" hidden="True" data="PEC11L-4115F-S0020" />
    <text name="Arrow Price/Stock" originx="0" originy="0" style="Default" rotation="0" justify="" flipped="False" hidden="True" data="https://www.arrow.com/en/products/pec11l-4115f-s0020/bourns?region=nac" />
  </component>
</quadcept_library>
