<?xml version="1.0" encoding="utf-8"?>
<!--/2372661/234518/2.50/4/2/Switch/-->
<quadcept_library>
  <setting unit="mil" />
  <textstyle name="Default" height="47.244094488189" strokewidth="7.8740157480315" charwidth="47.244094488189" />
  <textstyle name="Dimension" height="19.6850393700787" strokewidth="0" charwidth="19.6850393700787" />
  <textstyle name="H127W0635TH00762" height="50" strokewidth="3" charwidth="25" />
  <textstyle name="H15W15TH02" height="59.0551181102362" strokewidth="7.8740157480315" charwidth="59.0551181102362" />
  <padstyle name="r100_75" surface="True" plated="False" isvia="False" nopaste="False" nomask="True" complex="False" holesize="0">
    <padshape layer="TOP" shape="rectangle" width="29.527559055118" height="39.370078740157" />
    <padshape layer="TOP_SOLDER_MASK" shape="rectangle" width="37.401574803149" height="47.244094488188" />
    <padshape layer="TOP_SOLDER_PASTE" shape="rectangle" width="29.527559055118" height="39.370078740157" />
  </padstyle>
  <footprint name="TS1187ABAB" originx="0" originy="0" pickpointx="0" pickpointy="0">
    <pcbpin number="1" name="A1" style="r100_75" originx="-118.11023622047" originy="73.818897637794" rotation="90" />
    <pcbpin number="2" name="B1" style="r100_75" originx="118.11023622047" originy="73.818897637794" rotation="90" />
    <pcbpin number="3" name="C1" style="r100_75" originx="-118.11023622047" originy="-73.818897637794" rotation="90" />
    <pcbpin number="4" name="D1" style="r100_75" originx="118.11023622047" originy="-73.818897637794" rotation="90" />
    <line layer="TOP_ASSEMBLY" originx="-100.3937007874" originy="-100.3937007874" endx="100.3937007874" endy="-100.3937007874" width="7.8740157480314" />
    <line layer="TOP_ASSEMBLY" originx="100.3937007874" originy="-100.3937007874" endx="100.3937007874" endy="100.3937007874" width="7.8740157480314" />
    <line layer="TOP_ASSEMBLY" originx="100.3937007874" originy="100.3937007874" endx="-100.3937007874" endy="100.3937007874" width="7.8740157480314" />
    <line layer="TOP_ASSEMBLY" originx="-100.3937007874" originy="100.3937007874" endx="-100.3937007874" endy="-100.3937007874" width="7.8740157480314" />
    <line layer="TOP_PLACE_BOUND" originx="-216.53543307086" originy="139.76377952756" endx="177.16535433071" endy="139.76377952756" width="3.9370078740157" />
    <line layer="TOP_PLACE_BOUND" originx="177.16535433071" originy="139.76377952756" endx="177.16535433071" endy="-139.76377952756" width="3.9370078740157" />
    <line layer="TOP_PLACE_BOUND" originx="177.16535433071" originy="-139.76377952756" endx="-216.53543307086" endy="-139.76377952756" width="3.9370078740157" />
    <line layer="TOP_PLACE_BOUND" originx="-216.53543307086" originy="-139.76377952756" endx="-216.53543307086" endy="139.76377952756" width="3.9370078740157" />
    <line layer="TOP_SILKSCREEN" originx="-177.16535433071" originy="74.803149606298" endx="-177.16535433071" endy="74.803149606298" width="7.8740157480314" />
    <arc layer="TOP_SILKSCREEN" originx="-175.1968503937" originy="74.803149606298" startangle="180.0" sweepangle="180.0" radius="1.9685039370078" width="7.8740157480314" />
    <line layer="TOP_SILKSCREEN" originx="-173.22834645669" originy="74.803149606298" endx="-173.22834645669" endy="74.803149606298" width="7.8740157480314" />
    <arc layer="TOP_SILKSCREEN" originx="-175.1968503937" originy="74.803149606298" startangle=".0" sweepangle="180.0" radius="1.9685039370078" width="7.8740157480314" />
    <line layer="TOP_SILKSCREEN" originx="-177.16535433071" originy="74.803149606298" endx="-177.16535433071" endy="74.803149606298" width="7.8740157480314" />
    <arc layer="TOP_SILKSCREEN" originx="-175.1968503937" originy="74.803149606298" startangle="180.0" sweepangle="180.0" radius="1.9685039370078" width="7.8740157480314" />
    <line layer="TOP_SILKSCREEN" originx="-100.3937007874" originy="39.370078740157" endx="-100.3937007874" endy="-39.370078740157" width="3.9370078740157" />
    <line layer="TOP_SILKSCREEN" originx="100.3937007874" originy="39.370078740157" endx="100.3937007874" endy="-39.370078740157" width="3.9370078740157" />
    <line layer="TOP_SILKSCREEN" originx="-78.740157480314" originy="100.3937007874" endx="78.740157480314" endy="100.3937007874" width="3.9370078740157" />
    <line layer="TOP_SILKSCREEN" originx="-78.740157480314" originy="-100.3937007874" endx="78.740157480314" endy="-100.3937007874" width="3.9370078740157" />
  </footprint>
  <symbol name="TS-1187A-B-A-B" originx="0" originy="0">
    <line originx="200" originy="100" endx="1000" endy="100" width="0" />
    <line originx="1000" originy="-200" endx="1000" endy="100" width="0" />
    <line originx="1000" originy="-200" endx="200" endy="-200" width="0" />
    <line originx="200" originy="100" endx="200" endy="-200" width="0" />
    <sympin number="1" originx="200" originy="0" rotation="180" length="100" width="7.8740157480315" flipped="False">
      <text name="pinname" originx="230" originy="0" style="Default" rotation="0" justify="left" flipped="False" hidden="False" data="COM_1" />
      <text name="pindes" originx="140" originy="20" style="Default" rotation="0" justify="lowerright" flipped="False" hidden="False" data="A1" />
    </sympin>
    <sympin number="2" originx="1000" originy="0" rotation="0" length="100" width="7.8740157480315" flipped="False">
      <text name="pinname" originx="970" originy="0" style="Default" rotation="0" justify="right" flipped="False" hidden="False" data="COM_2" />
      <text name="pindes" originx="1060" originy="20" style="Default" rotation="0" justify="lowerleft" flipped="False" hidden="False" data="B1" />
    </sympin>
    <sympin number="3" originx="200" originy="-100" rotation="180" length="100" width="7.8740157480315" flipped="False">
      <text name="pinname" originx="230" originy="-100" style="Default" rotation="0" justify="left" flipped="False" hidden="False" data="NO_1" />
      <text name="pindes" originx="140" originy="-80" style="Default" rotation="0" justify="lowerright" flipped="False" hidden="False" data="C1" />
    </sympin>
    <sympin number="4" originx="1000" originy="-100" rotation="0" length="100" width="7.8740157480315" flipped="False">
      <text name="pinname" originx="970" originy="-100" style="Default" rotation="0" justify="right" flipped="False" hidden="False" data="NO_2" />
      <text name="pindes" originx="1060" originy="-80" style="Default" rotation="0" justify="lowerleft" flipped="False" hidden="False" data="D1" />
    </sympin>
  </symbol>
  <component name="TS-1187A-B-A-B" designatorprefix="S" height="159.44881889764" footprint="TS1187ABAB">
    <comppin designator="A1" sympin="1" pinswap="0" gateswap="0" gate="1" group="1" side="" type="Any" name="COM_1" />
    <comppin designator="B1" sympin="2" pinswap="0" gateswap="0" gate="1" group="1" side="" type="Any" name="COM_2" />
    <comppin designator="C1" sympin="3" pinswap="0" gateswap="0" gate="1" group="1" side="" type="Any" name="NO_1" />
    <comppin designator="D1" sympin="4" pinswap="0" gateswap="0" gate="1" group="1" side="" type="Any" name="NO_2" />
    <attached_symbol gate="1" name="TS-1187A-B-A-B" />
    <pinmap designator="A1" footprintpin="1" />
    <pinmap designator="B1" footprintpin="2" />
    <pinmap designator="C1" footprintpin="3" />
    <pinmap designator="D1" footprintpin="4" />
    <text name="Datasheet" originx="0" originy="0" style="Default" rotation="0" justify="" flipped="False" hidden="True" data="http://www.helloxkb.com/public/images/pdf/TS-1187A-X-X-X.pdf" />
    <text name="Description" originx="0" originy="0" style="Default" rotation="0" justify="" flipped="False" hidden="True" data="tact switch 4x4X1.5 patch 160GF metal head waterproof" />
    <text name="Manufacturer_Name" originx="0" originy="0" style="Default" rotation="0" justify="" flipped="False" hidden="True" data="XKB Connectivity" />
    <text name="Manufacturer_Part_Number" originx="1050" originy="200" style="Default" rotation="0" justify="left" flipped="False" hidden="False" data="TS-1187A-B-A-B" />
    <text name="Mouser Part Number" originx="0" originy="0" style="Default" rotation="0" justify="" flipped="False" hidden="True" data="" />
    <text name="Mouser Price/Stock" originx="0" originy="0" style="Default" rotation="0" justify="" flipped="False" hidden="True" data="" />
    <text name="Arrow Part Number" originx="0" originy="0" style="Default" rotation="0" justify="" flipped="False" hidden="True" data="" />
    <text name="Arrow Price/Stock" originx="0" originy="0" style="Default" rotation="0" justify="" flipped="False" hidden="True" data="" />
  </component>
</quadcept_library>
