<?xml version="1.0" encoding="utf-8"?>
<!--/12871470/234518/2.50/9/4/Connector/-->
<quadcept_library>
  <setting unit="mil" />
  <textstyle name="Default" height="47.244094488189" strokewidth="7.8740157480315" charwidth="47.244094488189" />
  <textstyle name="Dimension" height="19.6850393700787" strokewidth="0" charwidth="19.6850393700787" />
  <textstyle name="H127W0635TH00762" height="50" strokewidth="3" charwidth="25" />
  <textstyle name="H15W15TH02" height="59.0551181102362" strokewidth="7.8740157480315" charwidth="59.0551181102362" />
  <padstyle name="r225_50" surface="True" plated="False" isvia="False" nopaste="False" nomask="True" complex="False" holesize="0">
    <padshape layer="TOP" shape="rectangle" width="19.685039370078" height="88.582677165353" />
    <padshape layer="TOP_SOLDER_MASK" shape="rectangle" width="27.55905511811" height="96.456692913385" />
    <padshape layer="TOP_SOLDER_PASTE" shape="rectangle" width="19.685039370078" height="88.582677165353" />
  </padstyle>
  <padstyle name="c45_h90" surface="False" plated="True" isvia="False" nopaste="True" nomask="True" complex="False" holesize="35.433070866141">
    <padshape layer="TOP" shape="round" width="17.716535433071" height="17.716535433071" />
    <padshape layer="TOP_SOLDER_MASK" shape="round" width="25.590551181102" height="25.590551181102" />
    <padshape layer="INNER" shape="round" width="17.716535433071" height="17.716535433071" />
    <padshape layer="BOTTOM" shape="round" width="17.716535433071" height="17.716535433071" />
    <padshape layer="BOTTOM_SOLDER_MASK" shape="round" width="25.590551181102" height="25.590551181102" />
  </padstyle>
  <padstyle name="r350_205" surface="True" plated="False" isvia="False" nopaste="False" nomask="True" complex="False" holesize="0">
    <padshape layer="TOP" shape="rectangle" width="80.708661417322" height="137.79527559055" />
    <padshape layer="TOP_SOLDER_MASK" shape="rectangle" width="88.582677165353" height="145.66929133858" />
    <padshape layer="TOP_SOLDER_PASTE" shape="rectangle" width="80.708661417322" height="137.79527559055" />
  </padstyle>
  <padstyle name="r400_205" surface="True" plated="False" isvia="False" nopaste="False" nomask="True" complex="False" holesize="0">
    <padshape layer="TOP" shape="rectangle" width="80.708661417322" height="157.48031496063" />
    <padshape layer="TOP_SOLDER_MASK" shape="rectangle" width="88.582677165353" height="165.35433070866" />
    <padshape layer="TOP_SOLDER_PASTE" shape="rectangle" width="80.708661417322" height="157.48031496063" />
  </padstyle>
  <footprint name="675031020" originx="0" originy="0" pickpointx="0" pickpointy="0">
    <pcbpin number="1" name="1" style="r225_50" originx="-62.992125984251" originy="146.65354330708" rotation="0" />
    <pcbpin number="2" name="2" style="r225_50" originx="-31.496062992126" originy="146.65354330708" rotation="0" />
    <pcbpin number="3" name="3" style="r225_50" originx="0" originy="146.65354330708" rotation="0" />
    <pcbpin number="4" name="4" style="r225_50" originx="31.496062992126" originy="146.65354330708" rotation="0" />
    <pcbpin number="5" name="5" style="r225_50" originx="62.992125984251" originy="146.65354330708" rotation="0" />
    <pcbpin number="6" name="MH1" style="c45_h90" originx="-86.614173228345" originy="55.11811023622" rotation="90" />
    <pcbpin number="7" name="MH2" style="c45_h90" originx="86.614173228345" originy="55.11811023622" rotation="90" />
    <pcbpin number="8" name="MP1" style="r350_205" originx="-193.89763779527" originy="147.63779527559" rotation="0" />
    <pcbpin number="9" name="MP2" style="r350_205" originx="193.89763779527" originy="147.63779527559" rotation="0" />
    <pcbpin number="10" name="MP3" style="r400_205" originx="-193.89763779527" originy="-19.685039370078" rotation="0" />
    <pcbpin number="11" name="MP4" style="r400_205" originx="193.89763779527" originy="-19.685039370078" rotation="0" />
    <line layer="TOP_ASSEMBLY" originx="-194.88188976378" originy="-177.16535433071" endx="194.88188976378" endy="-177.16535433071" width="7.8740157480314" />
    <line layer="TOP_ASSEMBLY" originx="194.88188976378" originy="-177.16535433071" endx="194.88188976378" endy="177.16535433071" width="7.8740157480314" />
    <line layer="TOP_ASSEMBLY" originx="194.88188976378" originy="177.16535433071" endx="-194.88188976378" endy="177.16535433071" width="7.8740157480314" />
    <line layer="TOP_ASSEMBLY" originx="-194.88188976378" originy="177.16535433071" endx="-194.88188976378" endy="-177.16535433071" width="7.8740157480314" />
    <line layer="TOP_SILKSCREEN" originx="-194.88188976378" originy="-127.95275590551" endx="-194.88188976378" endy="-127.95275590551" width="3.9370078740157" />
    <line layer="TOP_SILKSCREEN" originx="-194.88188976378" originy="-127.95275590551" endx="-194.88188976378" endy="-177.16535433071" width="3.9370078740157" />
    <line layer="TOP_SILKSCREEN" originx="-194.88188976378" originy="-177.16535433071" endx="-194.88188976378" endy="-177.16535433071" width="3.9370078740157" />
    <line layer="TOP_SILKSCREEN" originx="-194.88188976378" originy="-177.16535433071" endx="-194.88188976378" endy="-127.95275590551" width="3.9370078740157" />
    <line layer="TOP_SILKSCREEN" originx="-194.88188976378" originy="-177.16535433071" endx="193.89763779527" endy="-177.16535433071" width="3.9370078740157" />
    <line layer="TOP_SILKSCREEN" originx="193.89763779527" originy="-177.16535433071" endx="193.89763779527" endy="-177.16535433071" width="3.9370078740157" />
    <line layer="TOP_SILKSCREEN" originx="193.89763779527" originy="-177.16535433071" endx="-194.88188976378" endy="-177.16535433071" width="3.9370078740157" />
    <line layer="TOP_SILKSCREEN" originx="-194.88188976378" originy="-177.16535433071" endx="-194.88188976378" endy="-177.16535433071" width="3.9370078740157" />
    <line layer="TOP_SILKSCREEN" originx="194.88188976378" originy="-177.16535433071" endx="194.88188976378" endy="-177.16535433071" width="3.9370078740157" />
    <line layer="TOP_SILKSCREEN" originx="194.88188976378" originy="-177.16535433071" endx="194.88188976378" endy="-127.95275590551" width="3.9370078740157" />
    <line layer="TOP_SILKSCREEN" originx="194.88188976378" originy="-127.95275590551" endx="194.88188976378" endy="-127.95275590551" width="3.9370078740157" />
    <line layer="TOP_SILKSCREEN" originx="194.88188976378" originy="-127.95275590551" endx="194.88188976378" endy="-177.16535433071" width="3.9370078740157" />
    <line layer="TOP_PLACE_BOUND" originx="-273.62204724409" originy="283.46456692913" endx="273.62204724409" endy="283.46456692913" width="3.9370078740157" />
    <line layer="TOP_PLACE_BOUND" originx="273.62204724409" originy="283.46456692913" endx="273.62204724409" endy="-216.53543307086" width="3.9370078740157" />
    <line layer="TOP_PLACE_BOUND" originx="273.62204724409" originy="-216.53543307086" endx="-273.62204724409" endy="-216.53543307086" width="3.9370078740157" />
    <line layer="TOP_PLACE_BOUND" originx="-273.62204724409" originy="-216.53543307086" endx="-273.62204724409" endy="283.46456692913" width="3.9370078740157" />
    <line layer="TOP_SILKSCREEN" originx="-62.992125984251" originy="244.09448818897" endx="-62.992125984251" endy="244.09448818897" width="7.8740157480314" />
    <arc layer="TOP_SILKSCREEN" originx="-62.992125984251" originy="242.12598425197" startangle="90.0" sweepangle="180.0" radius="1.9685039370079" width="7.8740157480314" />
    <line layer="TOP_SILKSCREEN" originx="-62.992125984251" originy="240.15748031496" endx="-62.992125984251" endy="240.15748031496" width="7.8740157480314" />
    <arc layer="TOP_SILKSCREEN" originx="-62.992125984251" originy="242.12598425197" startangle="-90.0" sweepangle="180.0" radius="1.9685039370079" width="7.8740157480314" />
    <line layer="TOP_SILKSCREEN" originx="-62.992125984251" originy="244.09448818897" endx="-62.992125984251" endy="244.09448818897" width="7.8740157480314" />
    <arc layer="TOP_SILKSCREEN" originx="-62.992125984251" originy="242.12598425197" startangle="90.0" sweepangle="180.0" radius="1.9685039370079" width="7.8740157480314" />
  </footprint>
  <symbol name="67503-1020" originx="0" originy="0">
    <line originx="200" originy="100" endx="900" endy="100" width="0" />
    <line originx="900" originy="-500" endx="900" endy="100" width="0" />
    <line originx="900" originy="-500" endx="200" endy="-500" width="0" />
    <line originx="200" originy="100" endx="200" endy="-500" width="0" />
    <sympin number="1" originx="200" originy="0" rotation="180" length="100" width="7.8740157480315" flipped="False">
      <text name="pinname" originx="230" originy="0" style="Default" rotation="0" justify="left" flipped="False" hidden="False" data="VBUS" />
      <text name="pindes" originx="140" originy="20" style="Default" rotation="0" justify="lowerright" flipped="False" hidden="False" data="1" />
    </sympin>
    <sympin number="2" originx="200" originy="-100" rotation="180" length="100" width="7.8740157480315" flipped="False">
      <text name="pinname" originx="230" originy="-100" style="Default" rotation="0" justify="left" flipped="False" hidden="False" data="D-" />
      <text name="pindes" originx="140" originy="-80" style="Default" rotation="0" justify="lowerright" flipped="False" hidden="False" data="2" />
    </sympin>
    <sympin number="3" originx="200" originy="-200" rotation="180" length="100" width="7.8740157480315" flipped="False">
      <text name="pinname" originx="230" originy="-200" style="Default" rotation="0" justify="left" flipped="False" hidden="False" data="D+" />
      <text name="pindes" originx="140" originy="-180" style="Default" rotation="0" justify="lowerright" flipped="False" hidden="False" data="3" />
    </sympin>
    <sympin number="4" originx="200" originy="-300" rotation="180" length="100" width="7.8740157480315" flipped="False">
      <text name="pinname" originx="230" originy="-300" style="Default" rotation="0" justify="left" flipped="False" hidden="False" data="ID" />
      <text name="pindes" originx="140" originy="-280" style="Default" rotation="0" justify="lowerright" flipped="False" hidden="False" data="4" />
    </sympin>
    <sympin number="5" originx="200" originy="-400" rotation="180" length="100" width="7.8740157480315" flipped="False">
      <text name="pinname" originx="230" originy="-400" style="Default" rotation="0" justify="left" flipped="False" hidden="False" data="GND" />
      <text name="pindes" originx="140" originy="-380" style="Default" rotation="0" justify="lowerright" flipped="False" hidden="False" data="5" />
    </sympin>
    <sympin number="6" originx="900" originy="0" rotation="0" length="100" width="7.8740157480315" flipped="False">
      <text name="pinname" originx="870" originy="0" style="Default" rotation="0" justify="right" flipped="False" hidden="False" data="MP1" />
      <text name="pindes" originx="960" originy="20" style="Default" rotation="0" justify="lowerleft" flipped="False" hidden="False" data="MP1" />
    </sympin>
    <sympin number="7" originx="900" originy="-100" rotation="0" length="100" width="7.8740157480315" flipped="False">
      <text name="pinname" originx="870" originy="-100" style="Default" rotation="0" justify="right" flipped="False" hidden="False" data="MP2" />
      <text name="pindes" originx="960" originy="-80" style="Default" rotation="0" justify="lowerleft" flipped="False" hidden="False" data="MP2" />
    </sympin>
    <sympin number="8" originx="900" originy="-200" rotation="0" length="100" width="7.8740157480315" flipped="False">
      <text name="pinname" originx="870" originy="-200" style="Default" rotation="0" justify="right" flipped="False" hidden="False" data="MP3" />
      <text name="pindes" originx="960" originy="-180" style="Default" rotation="0" justify="lowerleft" flipped="False" hidden="False" data="MP3" />
    </sympin>
    <sympin number="9" originx="900" originy="-300" rotation="0" length="100" width="7.8740157480315" flipped="False">
      <text name="pinname" originx="870" originy="-300" style="Default" rotation="0" justify="right" flipped="False" hidden="False" data="MP4" />
      <text name="pindes" originx="960" originy="-280" style="Default" rotation="0" justify="lowerleft" flipped="False" hidden="False" data="MP4" />
    </sympin>
  </symbol>
  <component name="67503-1020" designatorprefix="J" height="159.44881889764" footprint="675031020">
    <comppin designator="1" sympin="1" pinswap="0" gateswap="0" gate="1" group="1" side="" type="Any" name="VBUS" />
    <comppin designator="2" sympin="2" pinswap="0" gateswap="0" gate="1" group="1" side="" type="Any" name="D-" />
    <comppin designator="3" sympin="3" pinswap="0" gateswap="0" gate="1" group="1" side="" type="Any" name="D+" />
    <comppin designator="4" sympin="4" pinswap="0" gateswap="0" gate="1" group="1" side="" type="Any" name="ID" />
    <comppin designator="5" sympin="5" pinswap="0" gateswap="0" gate="1" group="1" side="" type="Any" name="GND" />
    <comppin designator="MP1" sympin="6" pinswap="0" gateswap="0" gate="1" group="1" side="" type="Any" name="MP1" />
    <comppin designator="MP2" sympin="7" pinswap="0" gateswap="0" gate="1" group="1" side="" type="Any" name="MP2" />
    <comppin designator="MP3" sympin="8" pinswap="0" gateswap="0" gate="1" group="1" side="" type="Any" name="MP3" />
    <comppin designator="MP4" sympin="9" pinswap="0" gateswap="0" gate="1" group="1" side="" type="Any" name="MP4" />
    <attached_symbol gate="1" name="67503-1020" />
    <pinmap designator="1" footprintpin="1" />
    <pinmap designator="2" footprintpin="2" />
    <pinmap designator="3" footprintpin="3" />
    <pinmap designator="4" footprintpin="4" />
    <pinmap designator="5" footprintpin="5" />
    <pinmap designator="MP1" footprintpin="6" />
    <pinmap designator="MP2" footprintpin="7" />
    <pinmap designator="MP3" footprintpin="8" />
    <pinmap designator="MP4" footprintpin="9" />
    <text name="Datasheet" originx="0" originy="0" style="Default" rotation="0" justify="" flipped="False" hidden="True" data="https://www.molex.com/pdm_docs/sd/675031020_sd.pdf" />
    <text name="Description" originx="0" originy="0" style="Default" rotation="0" justify="" flipped="False" hidden="True" data="USB Connectors USB Mini-B Recept On-The-Go Rt.Angle" />
    <text name="Manufacturer_Name" originx="0" originy="0" style="Default" rotation="0" justify="" flipped="False" hidden="True" data="Molex" />
    <text name="Manufacturer_Part_Number" originx="950" originy="200" style="Default" rotation="0" justify="left" flipped="False" hidden="False" data="67503-1020" />
    <text name="Mouser Part Number" originx="0" originy="0" style="Default" rotation="0" justify="" flipped="False" hidden="True" data="538-67503-1020" />
    <text name="Mouser Price/Stock" originx="0" originy="0" style="Default" rotation="0" justify="" flipped="False" hidden="True" data="https://www.mouser.co.uk/ProductDetail/Molex/67503-1020?qs=7zcQ9RRVJlhHWuXYKEhKMg%3D%3D" />
    <text name="Arrow Part Number" originx="0" originy="0" style="Default" rotation="0" justify="" flipped="False" hidden="True" data="" />
    <text name="Arrow Price/Stock" originx="0" originy="0" style="Default" rotation="0" justify="" flipped="False" hidden="True" data="" />
  </component>
</quadcept_library>
